{"cameraMode":{"drawMode":0,"name":"Shaded","section":"Shading Mode"},"sceneLighting":true,"audioPlay":false,"sceneViewState":{"m_AlwaysRefresh":false,"showFog":true,"showSkybox":true,"showFlares":true,"showImageEffects":true,"showParticleSystems":true,"showVisualEffectGraphs":true,"m_FxEnabled":true},"in2DMode":false,"pivot":{"x":57.97154998779297,"y":9.083659172058106,"z":69.76665496826172},"rotation":{"x":0.0020945256110280754,"y":-0.9729496240615845,"z":0.009070859290659428,"w":0.2310871183872223},"size":7.533045768737793,"orthographic":false}