{"cameraMode":{"drawMode":0,"name":"Shaded","section":"Shading Mode"},"sceneLighting":true,"audioPlay":false,"sceneViewState":{"m_AlwaysRefresh":false,"showFog":true,"showSkybox":true,"showFlares":true,"showImageEffects":true,"showParticleSystems":true,"showVisualEffectGraphs":true,"m_FxEnabled":true},"in2DMode":false,"pivot":{"x":-2.8319897651672365,"y":8.70982551574707,"z":2.871938943862915},"rotation":{"x":-0.03893535956740379,"y":-0.13600927591323853,"z":0.0053409854881465439,"w":-0.9899550080299377},"size":10.905165672302246,"orthographic":false}